restart,score,plaintext
22,-119.27338907561068,IDYDEUOIHHGHBWITHEREKLIWLDRXFNO
43,-119.27338907561068,ILDLEBKIHHPHXWITHEREVFIWFLRAZNK
50,-119.27338907561068,IJPJEGXIHHYHNWITHEREOBIWBJRLASX
306,-119.27338907561068,ILZLEKPIHHXHAWITHERENYIWYLRUMQP
316,-119.27338907561068,ILPLEOMIHHNHFWITHERESCIWCLRDUQM
433,-119.27338907561068,ILJLEPAIHHKHBWITHEREVQIWQLROGYA
455,-119.27338907561068,IJVJECMIHHQHBWITHEREKPIWPJRSYNM
0,-151.11947865596866,ZCSCEKVZHHJHIPZTHEREFGZPGCRLWAV
34,-151.11947865596866,ZDPDECKZHHFHBVZTHERELWZVWDRJSQK
84,-151.11947865596866,SVZVEOQSHHIHNASTHEREBFSAFVRGYPQ
102,-151.11947865596866,JFLFEZPJHHDHXQJTHERESUJQUFRKINP
200,-151.11947865596866,BYNYEPIBHHUHADBTHEREJVBDVYRQKSI
207,-151.11947865596866,JODOEZMJHHBHVLJTHERENSJLSORKGCM
232,-151.11947865596866,ZPLPEQCZHHDHUIZTHEREOMZIMPRJVAC
242,-151.11947865596866,YUOUEPVYHHLHFXYTHEREINYXNURKQMV
253,-151.11947865596866,BWQWEMPBHHXHGSBTHERECKBSKWROVUP
280,-151.11947865596866,JLDLEICJHHAHPKJTHEREFYJKYLRGVOC
294,-151.11947865596866,IYOYEDBIHHKHQVITHEREXMIVMYRPUZB
311,-151.11947865596866,OZXZECYOHHAHQBOTHEREIFOBFZRPLNY
317,-151.11947865596866,LMDMEWJLHHFHAGLTHEREBCLGCMRPUXJ
338,-151.11947865596866,YSQSEOAYHHKHLCYTHEREIJYCJSRPGVA
353,-151.11947865596866,IKLKEYUIHHGHVZITHEREMPIZPKRFCNU
375,-151.11947865596866,LVSVEYFLHHCHOALTHEREMBLABVRDUZF
412,-151.11947865596866,ZWDWEUMZHHVHAXZTHERELCZXCWRQNKM
465,-151.11947865596866,VABAEZGVHHCHSFVTHEREMLVFLARQOPG
479,-151.11947865596866,LSMSEYJLHHVHOULTHEREPZLUZSRWFGJ
9,-156.3275806524071,HERECPDHWWLWITHGWCXCUFHTFEXJMBD
38,-156.3275806524071,HEREWITHGGNGUDHKGWCWSOHDOECBQMT
79,-156.3275806524071,HEREWKGHSSQSFYHBSWNWITHYTENZAPG
162,-156.3275806524071,HEREWITHQQBQUCHNQWOWGVHCVEOYALT
190,-156.3275806524071,HEREYXBHWWVWITHPWYQYGKHTKEQDFOB
224,-156.3275806524071,HEREKVBHWWJWITHMWKXKAUHTUEXDOGB
434,-156.3275806524071,HEREWITHZZUZOVHAZWGWQJHVJEGFBNT
474,-156.3275806524071,HEREWITHMMAMXOHQMWZWFCHOCEZKBJT
140,-158.05796925088183,NYXYTEGNSSBSJDNCSTATIONDOYAWFQG
340,-158.05796925088183,NEXETJCNSSMSQUNGSTATIONUOEAVWPC
376,-158.05796925088185,STATIONSWWQWZLSDWIVIXRSLRTVUFMN
105,-163.31233293052253,RWPWITHREEQEVKRAEIXIYDRKDWXLUFH
233,-163.31233293052253,RWFWITHREEAEPMRJEIBIZORMOWBCNGH
202,-176.25814135372607,ENLNIPAESSBSJREUSIWITHERHNWZMKA
283,-176.25814135372607,NTUTCLQNAAGAYWNVACHCSINWITHERKQ
334,-176.25814135372607,KWZWQNRKDDGDAUKYDQIQJPKUPWITHER
352,-176.25814135372607,JTBTZLMJXXSXGWJKXZHZQIJWITHERVM
406,-176.25814135372607,LISIBDULPPMPXQLFPBTBGWLQWITHERU
329,-181.07321697276643,HEREOMZHIIAIVGHTIONOSCHGCENBLUZ
30,-181.28554692546717,HEREJIGHTTNTMBHUTJSJPKHBKESOFLG
54,-181.28554692546717,HEREDIGHTTPTOXHCTDYDJUHXUEYMABG
206,-181.28554692546717,HEREFIGHTTNTZUHOTFKFJDHUDEKXBAG
28,-183.3123329305225,ZQAQEPUZBBOBLGZKBEWENYZGYQWITHU
49,-183.3123329305225,MCXCFAUMPPQPRZMBPFWFJVMZVCWITHU
52,-183.3123329305225,YARAMUHYZZEZBOYXZMNMVJYOJANWITH
68,-183.3123329305225,KWSWYOGKAAUAPXKLAYIYDMKXMWITHQG
76,-183.3123329305225,XTBTZFRXUUYUSWXJUZHZQIXWITHONGR
97,-183.3123329305225,STLTMQBSNNANZWSONMHMVISWITHGFXB
121,-183.3123329305225,GSPSIRLGAAFAKMGYAIWITHGMHSWOCZL
135,-183.3123329305225,LDYDIVCLOOQORSLXOIWITHLSHDWZNEC
141,-183.3123329305225,HQYQWDJHZZMZOBHCZWLWITHBTQLKUVJ
155,-183.3123329305225,PODOIJAPKKFKULPSKIWITHPLHOWMBNA
194,-183.3123329305225,YIGIMQFYDDCDUPYODMTMSWYPWITHAEF
195,-183.3123329305225,HDGDWYPHMMBMCFHUMWZWITHFTDZNSEP
197,-183.3123329305225,PSLSUQHPFFAFZGPDFUVUROPGOSVWITH
267,-183.3123329305225,GKOKIJDGVVPVEXGSVIWITHGXHKWMFUD
292,-183.3123329305225,HALAWBYHVVNVQZHDVWUWITHZTAUGJXY
301,-183.3123329305225,ZEQEVOHZJJNJCLZAJVMVPFZLFEMWITH
315,-183.3123329305225,QNLNZPFQYYXYKRQSYZWZOVQRVNWITHF
320,-183.3123329305225,YDUDILKYSSPSEGYXSIWITHYGHDWQCVK
330,-183.3123329305225,OEAEIFMOZZUZDPOQZIWITHOPHEWKVSM
342,-183.3123329305225,HLVLWZDHSSMSUGHPSWQWITHGTLQYEND
373,-183.3123329305225,HJCJWVMHQQLQKSHYQWGWITHSTJGFBNM
400,-183.3123329305225,NYKYAPGNLLELCSNZLAWAFJNSJYWITHG
401,-183.3123329305225,XQJQIUPXFFDFYMXKFIWITHXMHQWEABP
404,-183.3123329305225,WHFHZPEWDDXDBIWGDZLZQTWITHLJYME
413,-183.3123329305225,CWZWBRLCSSQSNXCUSBIBOPCXPWITHJL
438,-183.3123329305225,SOAOIDCSVVRVLFSYVIWITHSFHOWGBQC
440,-183.3123329305225,QWYWVXBQUUNUASQGUVIVRPQSPWITHOB
460,-183.3123329305225,KIUINACKSSFSVMKDSNTNLWKMWITHQEC
478,-183.3123329305225,ETMTJYPEUUCUQWESUJHJLIEWITHFBGP
492,-183.3123329305225,ZISIMAJZPPEPYFZOPMTMLWZFWITHGVJ
2,-183.31233293052253,NWJWITHNZZBZFONPZIDIASNOSWDXCRH
5,-183.31233293052253,TRYRBDVTUUGUWITHUBZBFMTIMRZAJCV
17,-183.31233293052253,HGAGWITHQQEQZMHFQWKWCYHMYGKVDXT
44,-183.31233293052253,HAJAWITHGGZGOFHUGWNWBYHFYANECMT
47,-183.31233293052253,HKBKWITHLLPLUNHALWSWMCHNCKSVZYT
63,-183.31233293052253,IUOUGSNIHHFHLWITHGEGAYIWYUEVBDN
108,-183.31233293052253,ILULGOQIHHDHEWITHGNGSXIWXLNPJYQ
115,-183.31233293052253,HPDPWITHBBSBRLHGBWJWUZHLZPJAONT
148,-183.31233293052253,TOLOXKBTCCFCWITHCXGXVYTIYOGJMEB
159,-183.31233293052253,IXLXODVIHHGHEWITHONOFMIWMXNPASV
161,-183.31233293052253,IFDFMOBIHHGHAWITHMSMEQIWQFSYPXB
166,-183.31233293052253,QGYGOASQIIWITHQCIONOBLQHLGNJMDS
173,-183.31233293052253,TMYMCKQTGGSGWITHGCZCVBTIBMZUXOQ
175,-183.31233293052253,AWYWITHAZZOZXUABZINIJLAULWNQMVH
211,-183.31233293052253,HFSFWITHQQMQXLHBQWUWCKHLKFUNGRT
285,-183.31233293052253,IVDVFXEIHHZHCWITHFUFOJIWJVUBKNE
344,-183.31233293052253,UDEDOQMUIIWITHUSIONOYVUHVDNBXKM
396,-183.31233293052253,IOXOJKBIHHZHQWITHJGJRUIWUOGLFCB
411,-183.31233293052253,RWDWITHRGGJGPFRXGISIOCRFCWSAUNH
419,-183.31233293052253,ICVCADMIHHXHOWITHALASNIWNCLQEPM
424,-183.31233293052253,TCACMVUTNNPNWITHNMBMSLTILCBFRJU
451,-183.31233293052253,BIWITHCBSSASVEBZSTQTLDBEDIQGYMC
458,-183.31233293052253,HMOMWITHRRSRXKHGRWBWZLHKLMBYUCT
480,-183.31233293052253,QKAKZBMQIIWITHQGIZEZNJQHJKEPFYM
12,-188.1736702327651,XLWLEDMXHHCHKVXIHEREFAXVALRJGZM
19,-188.1736702327651,HEREPJOHYYQYWBHVYPLPDAHBAELCUNO
27,-188.1736702327651,LSYSEKULHHMHPOLBHEREWALOASRCDNU
51,-188.1736702327651,HEREKUSHNNCNQZHTNKVKBFHZFEVPWOS
53,-188.1736702327651,HERECOZHVVQVMKHWVCBCGXHKXEBSNPZ
71,-188.1736702327651,OLBLEDSOHHXHAVOGHEREUIOVILRFMPS
72,-188.1736702327651,MJVJEKLMHHZHQFMAHEREGIMFIJRDSOL
73,-188.1736702327651,HEREPAZHYYLYJBHOYPIPMQHBQEIXDWZ
82,-188.1736702327651,HEREOCFHQQAQDMHTQOWOLUHMUEWBGVF
87,-188.1736702327651,CUXUEBYCHHKHAICWHEREQZCIZURVJPY
101,-188.1736702327651,HERELGYHFFMFJIHBFLVLNOHIOEVAXZY
103,-188.1736702327651,HEREMWNHLLOLUPHYLMKMGFHPFEKZQVN
113,-188.1736702327651,HERESDKHGGJGCOHFGSZSPVHOVEZLXBK
133,-188.1736702327651,CLALEPXCHHZHWOCKHEREIFCOFLRSJBX
144,-188.1736702327651,HEREBNUHCCKCQYHXCBABOZHYZEAJGWU
150,-188.1736702327651,HEREMSKHAALAXOHIAMWMFGHOGEWCJPK
152,-188.1736702327651,GANAEPVGHHXHDSGMHEREFJGSJARKLOV
163,-188.1736702327651,CNANEJVCHHSHQUCDHEREYMCUMNRXIZV
167,-188.1736702327651,SDZDEKGSHHBHOPSYHEREWCSPCDRVUAG
176,-188.1736702327651,HEREUVKHCCYCZBHJCULUPGHBGELIQNK
181,-188.1736702327651,HERENDSHYYLYCQHVYNTNJWHQWETUBGS
184,-188.1736702327651,HEREWBVHAAKAXGHPAWIWCNHGNEIQYZV
186,-188.1736702327651,HEREWQZHBBXBIGHUBWJWLPHGPEJYODZ
187,-188.1736702327651,HEREGIXHCCLCYJHACGWGVPHJPEWUNKX
188,-188.1736702327651,HEREABTHUUDUZKHNUAJAYQHKQEJFSPT
192,-188.1736702327651,HEREKJLHPPUPCFHAPKGKQYHFYEGZMWL
208,-188.1736702327651,UKDKESZUHHIHAMUWHEREFOUMOKRQVCZ
210,-188.1736702327651,ZQJQEKFZHHBHSIZMHEREVDZIDQRUYGF
215,-188.1736702327651,HERELJCHNNUNBYHGNLSLXZHYZESOPDC
217,-188.1736702327651,CWKWEOPCHHNHFTCLHEREYQCTQWRDBZP
221,-188.1736702327651,QILIENAQHHWHVFQJHERESDQFDIRPOMA
222,-188.1736702327651,VOKOEWDVHHBHQGVIHERENMVGMORFLSD
225,-188.1736702327651,BJQJECSBHHYHDVBNHEREIOBVOJRKMLS
226,-188.1736702327651,HEREYVWHDDIDGJHPDYNYQFHJFENZKXW
227,-188.1736702327651,HEREFUSHZZMZGVHOZFJFWDHVDEJIQYS
234,-188.1736702327651,QPMPELUQHHBHVWQCHERESIQWIPRYNDU
243,-188.1736702327651,HEREAVKHWWZWLCHFWABADUHCUEBGYIK
249,-188.1736702327651,HERECDSHUUPUKGHXUCFCIQHGQEFWMJS
252,-188.1736702327651,HEREVOJHYYPYFZHNYVUVBQHZQEUKDAJ
255,-188.1736702327651,NCXCEPONHHSHGYNWHERELZNYZCRQFVO
269,-188.1736702327651,HERECFYHBBNBVWHTBCDCAZHWZEDKOMY
278,-188.1736702327651,IWZWEKUIHHMHPCILHEREQOICOWRDGNU
291,-188.1736702327651,HERESDLHJJPJKQHZJSVSWTHQTEVAMYL
298,-188.1736702327651,BSKSEPGBHHXHYQBJHEREDMBQMSRIONG
299,-188.1736702327651,HEREBVDHUUCUGNHXUBIBSMHNMEIQOLD
300,-188.1736702327651,HEREDWAHQQJQCLHSQDVDUKHLKEVMNIA
302,-188.1736702327651,HEREIZLHUUSUFJHNUIYIMDHJDEYPCOL
303,-188.1736702327651,HEREXADHBBIBWLHMBXQXSGHLGEQPZYD
304,-188.1736702327651,HEREAPKHIILIBQHCIAYADTHQTEYVFOK
312,-188.1736702327651,HEREJDYHOOTOUBHAOJWJZIHBIEWLKQY
324,-188.1736702327651,HEREQSGHLLZLKMHVLQBQYFHMFEBWCUG
332,-188.1736702327651,HERESAPHQQLQFXHOQSZSYIHXIEZGCBP
356,-188.1736702327651,LQMQEAKLHHNHXCLBHERESZLCZQRDJFK
358,-188.1736702327651,NDUDEOXNHHLHQWNCHEREZJNWJDRKBYX
359,-188.1736702327651,HEREFVAHUULUOIHXUFSFMQHIQESYGWA
372,-188.1736702327651,HEREAQUHPPTPFYHBPAJAGVHYVEJMNZU
379,-188.1736702327651,HEREBZYHLLDLVOHALBCBIUHOUECFQGY
380,-188.1736702327651,OSPSEXFOHHNHYWODHEREVUOWUSRMGZF
381,-188.1736702327651,SMXMELQSHHOHWASUHERENFSAFMRVCZQ
390,-188.1736702327651,HEREYAWHVVKVLTHGVYQYFMHTMEQNBOW
403,-188.1736702327651,ADCDESLAHHOHBZAWHEREPXAZXDRUJGL
417,-188.1736702327651,UXSXEMQUHHLHDBUJHEREWKUBKXRNZGQ
421,-188.1736702327651,HEREPLJHSSNSVKHCSPXPZOHKOEXWQGJ
423,-188.1736702327651,YFXFEGAYHHIHJKYSHEREDUYKUFRVPOA
464,-188.1736702327651,HEREMWNHCCTCSVHPCMGMYLHVLEGUAZN
469,-188.1736702327651,CAYAEKBCHHOHILCXHEREQJCLJARGSMB
472,-188.1736702327651,HEREXTVHLLMLYCHWLXFXAQHCQEFNSPV
475,-188.1736702327651,DJQJEBLDHHXHSUDFHEREZCDUCJRGMWL
154,-195.15842251088048,RAYAUTHREEZEPDRSEUOUNXRDXAOKLJH
4,-208.05796925088183,CDMDOLQCIIBIKACTIONOHXCAXDNPGFQ
13,-208.05796925088183,TNLNFRVTSSKSMITXSFPFZOTIONPYQWV
21,-208.05796925088183,FDUDIKBFPPCPMYFRPITIONFYNDTEJZB
35,-208.05796925088183,ETJTAHUEFFYFZGEDFAIAVBEGBTIONSU
41,-208.05796925088183,IASAFDZINNBNETIONFCFRQITQACXLVZ
75,-208.05796925088183,JFYFOSEJIIGIXUJTIONOKCJUCFNBDAE
85,-208.05796925088183,YPSPVMCYIITIONYXIVFVRAYNAPFLQZC
88,-208.05796925088183,YAPAQWCYVVLVJFYSVQTQEXYFXATIONC
89,-208.05796925088183,NSKSYWCNTTDTIONHTYZYMUNOUSZVGRC
96,-208.05796925088183,BXAXMZHBIITIONBCIMUMRDBNDXUPGKH
104,-208.05796925088183,NYWYSUCNTTBTIONKTSASJDNODYALRPC
134,-208.05796925088183,ZUCUGHBZVVYVXJZQVGTGFKZJKUTIONB
142,-208.05796925088183,TNZNCLWTJJYJKITPJCECROTIONEXQFW
146,-208.05796925088183,TBABNUFTOOXORZTIONQNGETZEBQCSPF
158,-208.05796925088183,IXJXBZQINNCNKTIONBEBVGITGXELYMQ
199,-208.05796925088183,RTGTVKLRMMBMZARYMVIVXWRAWTIONJL
203,-208.05796925088183,ILQLMWBINNSNGTIONMFMKCITCLFEVJB
205,-208.05796925088183,NAVABDMNTTWTIONFTBCBSYNOYACRKEM
213,-208.05796925088183,JYVYQXNJDDEDBZJCDQFQPGJZGYFTION
214,-208.05796925088183,IFAFLBKINNSNYTIONLVLRMITMFVPWJK
230,-208.05796925088183,XDMDYZNXQQCQVFXAQYWYGEXFEDWTION
240,-208.05796925088183,TKDKNJFTOOGOMETIONHNZYTEYKHPVAF
250,-208.05796925088183,CHBHGLYCFFSFUJCAFGTGPVCJVHTIONY
261,-208.05796925088183,OQAQSHUOKKJKTIONKSRSPFOIFQRLBZU
266,-208.05796925088183,TNANPYRTVVCVGITWVPDPQOTIONDKSXR
273,-208.05796925088183,GIAIYVSGZZFZWUGCZYOYJTGUTIONDLS
308,-208.05796925088183,TNGNPQCTXXZXVITAXPEPMOTIONEYJRC
314,-208.05796925088183,FQSQYAVFRRJRKZFBRYTYEDFZDQTIONV
327,-208.05796925088183,NMYMEVWNTTCTIONSTEUEADNODMURJXW
341,-208.05796925088183,NKRKUFYNTTVTIONLTUXUMJNOJKXDEPY
350,-208.05796925088183,JHDHYFNJAAZASQJEAYVYUCJQCHVTION
355,-208.05796925088183,VDEDGZPVRRKRYXVMRGTGFBVXBDTIONP
364,-208.05796925088183,DGAGOJHDIIZIYFDTIONOLVDFVGNPUSH
367,-208.05796925088183,OBUBDSEOJJKJTIONJDMDCPOIPBMYQVE
388,-208.05796925088183,TNLNJDXTBBRBKITFBJSJPOTIONSHVCX
402,-208.05796925088183,TXYXNVMTOOWOAETIONJNDFTEFXJLUZM
409,-208.05796925088183,TNSNYDZTWWPWKITFWYVYAOTIONVRBQZ
436,-208.05796925088183,OLALCZGOEEUETIONECBCSYOIYLBFKHG
473,-208.05796925088183,QDLDPMVQIITIONQEIPSPCAQNADSXGUV
489,-208.05796925088183,GEZELMVGIITIONGDILJLHBGNBEJYCXV
494,-208.05796925088183,POWOCEFPLLKLATPRLCNCJIPTIONBYQF
495,-208.05796925088183,TNQNPAUTGGMGKITHGPRPYOTIONRCSVU
351,-208.05796925088185,NSGSTIONYYDYJBNPYTATQLNBLSAUVWO
91,-208.10423093408406,YTWTXMNYFFSFJUYPFXHXCZYUZTHERBN
130,-208.10423093408406,EKUKGXPEWWZWTHERWGCGMDEHDKCYJNP
171,-208.10423093408406,DHKHVZPDXXSXBODFXVEVNTDOTHERQGP
244,-208.10423093408406,NEQEFPUNSSGSKTNZSFRFCHNTHERBAXU
393,-208.10423093408406,LEDEQWULXXPXGTLBXQRQSHLTHERJKCU
431,-208.10423093408406,STJTBPASLLNLDXSZLBHBMFSXFTHERCA
446,-208.10423093408406,NQMQHGZNXXOXCWNLXHTHERNWRQTVPUZ
453,-208.10423093408406,EYAYGIFESSJSXRENSGVGTHERHYVKZBF
454,-208.10423093408406,VAYAUJOVKKPKQFVZKUTUGBVFBATHERO
456,-208.10423093408406,OEIEUSVOJJZJDTOXJURUCHOTHERYKBV
466,-208.10423093408406,HQJQMVNHRRDROTHERMUMKFHTFQUXGYN
497,-208.10423093408406,QUSUOGFQDDLDJXQKDOTOICQXCUTHERF
498,-208.10423093408406,RIGITJLRVVAVPCRZVTQTHERCEIQYDXL
57,-208.1042309340841,MTQTHERMOOSOAGMCOHVHDZMGZTVNKBR
137,-208.1042309340841,DTXTHERDSSPSIQDZSHLHOADQATLKUBR
457,-208.1042309340841,RCSCTHERPPQPFXRBPTVTYJRXJCVMILE
20,-208.2702992035826,QGIGHTLQPPCPBDQSPHVHARQDRGVYNXL
29,-208.2702992035826,CAKAHBUCGGXGVDCIGHTHNFCDFATYZJU
125,-208.2702992035826,DGAGKYXDZZVZJBDOZKHKNIDBIGHTSLX
151,-208.2702992035826,CIJILPECKKYKXQCFKLGLAVCQVIGHTOE
157,-208.2702992035826,HLFLBIGHTTUTAOHETBWBSMHOMLWQPZG
160,-208.2702992035826,LJUJHEZLGGFGMQLIGHTHBKLQKJTPOSZ
204,-208.2702992035826,VMOMCBAVLLULPDVXLCICYSVDSMIGHTA
212,-208.2702992035826,GSUSRCFGTTNTPIGHTRJRLBGIBSJYAZF
235,-208.2702992035826,TCPCIGHTDDSDFMTXDIZIOATMACZYBQH
275,-208.2702992035826,QIAIJSYQFFEFBXQCFJGJPMQXMIGHTKY
289,-208.2702992035826,JRVRFSTJPPLPDBJQPFUFAXJBXRUIGHT
319,-208.2702992035826,TZKZIGHTDDYDAQTPDILIUFTQFZLMXCH
346,-208.2702992035826,JCSCVKFJMMOMQXJLMVIVZPJXPCIGHTF
374,-208.2702992035826,TYQYIGHTKKSKPNTMKIZIRXTNXYZCFLH
408,-208.2702992035826,HPBPXIGHTTMTZFHUTXOXVLHFLPOYQKG
422,-208.2702992035826,JGIGHTSJAAFANPJDAHVHZXJPXGVRMCS
1,-215.15842251088048,EAKAYTIELLBLUMEOLYZYGQEMQAZSJXI
3,-215.15842251088048,JAUAOXDJQQZQKVJEQOGORCJVCAGINMD
6,-215.15842251088048,SBIBUMJSDDZDPASRDUEUFNSANBELGXJ
7,-215.15842251088048,JNXNVIKJCCACSUJZCVPVRQJUQNPLTBK
8,-215.15842251088048,QALADWXQJJPJNBQUJDSDOGQBGASZVYX
10,-215.15842251088048,HKQKCOLHXXBXSGHRXCZCWVHGVKZFDIL
11,-215.15842251088048,YFBFWETYNNJNGCYPNWOWHLYCLFOSMQT
14,-215.15842251088048,ELILYWHEQQVQFDEPQYGYJXEDXLGZBNH
15,-215.15842251088048,WNMNJTHWPPGPUBWZPJLJXQWBQNLYSKH
16,-215.15842251088048,UFIFZJDUVVQVTLURVZXZCYULYFXEOWD
18,-215.15842251088048,WBUBJECWZZQZVDWGZJSJAOWDOBSFMHC
23,-215.15842251088048,PUBUIALPRRZRMNPORIDIQEPNEUDYSJL
24,-215.15842251088048,ZEDELYKZIIFIJWZMILQLOUZWUEQHCNK
25,-215.15842251088048,XAEABJUXZZDZTPXGZBKBLQXPQAKSHWU
26,-215.15842251088048,RNPNZQVRCCLCBMRFCZAZTYRMYNAKXWV
31,-215.15842251088048,UFIFWAPUBBLBCRUMBWOWQXURXFONZDP
32,-215.15842251088048,RXAXUVMRYYHYLSROYUZUGJRSJXZCKIM
33,-215.15842251088048,PWMWEJTPXXOXYGPVXEZEDLPGLWZRIFT
36,-215.15842251088048,CPTPSEMCGGUGKJCAGSXSOVCJVPXNLHM
37,-215.15842251088048,DRBRXQTDMMCMHZDFMXAXJUDZURANVPT
39,-215.15842251088048,AQUQYOJAWWMWZGALWYHYCKAGKQHPNSJ
40,-215.15842251088048,GEZERKOGYYXYCUGAYRIRVNGUNEIMWDO
42,-215.15842251088048,IVHVKWPICCYCAEIXCKSKJNIENVSGLOP
45,-215.15842251088048,MUVUDABMCCOCLKMECDGDQTMKTUGIPFB
46,-215.15842251088048,CGSGBIQCNNWNZJCXNBKBYACJAGKMTRQ
48,-215.15842251088048,DMLMXVODSSKSANDISXFXGQDNQMFPJCO
55,-215.15842251088048,XUNUMPBXRRKRECXFRMAMTGXCGUAISZB
56,-215.15842251088048,AMNMISDAVVGVKWAUVIEIZFAWFMECLHD
58,-215.15842251088048,CHYHGZMCNNDNFPCTNGJGLECPEHJAXOM
59,-215.15842251088048,VTDTFSAVQQPQEJVIQFNFKHVJHTNUBLA
60,-215.15842251088048,MGXGFIZMKKVKHYMQKFOFJCMYCGOUPAZ
61,-215.15842251088048,OXPXWVSONNFNHUOCNWJWYLOULXJTDKS
62,-215.15842251088048,ORKRSZBOUUXUFAODUSPSIGOAGRPVJMB
64,-215.15842251088048,KUMUHTFKWWSWAOKVWHCHDXKOXUCPZYF
65,-215.15842251088048,REDEFPIRXXCXZGRVXFSFNQRGQESMOYI
66,-215.15842251088048,OSPSLBVOMMXMJEOZMLULFWOEWSUQIKV
67,-215.15842251088048,JRURCLHJFFPFKIJWFCACNOJIORAYDMH
69,-215.15842251088048,WFSFIVYWOOTOJKWPOICIZQWKQFCAEUY
70,-215.15842251088048,BTQTOGSBVVCVAIBUVOFOJKBIKTFWMLS
74,-215.15842251088048,RFYFHZQRXXUXJIRMXHCHSWRIWFCDPAQ
77,-215.15842251088048,FGPGOJYFIIWIAXFMIOCOQNFXNGCURKY
78,-215.15842251088048,FGDGEVYFWWQWIAFTWEZECNFANGZPSLY
80,-215.15842251088048,LUJUDTKLYYIYNPLFYDSDQBLPBUSGCWK
81,-215.15842251088048,VTNTCRWVIIMIKXVAICFCPJVXJTFLZUW
83,-215.15842251088048,VNCNLMXVQQYQTUVWQLKLOHVUHNKSAFX
86,-215.15842251088048,IJRJTZXICCSCELIVCTUTMQILQJUGFDX
90,-215.15842251088048,QZSZAJLQYYTYEWQDYAMAPIQWIZMOBUL
92,-215.15842251088048,XZWZVCRXSSISGQXJSVFVKAXQAZFBUOR
93,-215.15842251088048,ZXHXPNTZKKEKSAZDKPLPWVZAVXLQBOT
94,-215.15842251088048,LODOGVELRRWRYTLNRGUGFCLTCOUAJKE
95,-215.15842251088048,KZMZRHUKYYVYIQKBYRARTLKQLZAPSXU
98,-215.15842251088048,KWJWFCVKZZSZHXKEZFDFNBKXBWDOQUV
99,-215.15842251088048,SJMJLFKSUUHUGYSPULZLXTSYTJZQDCK
100,-215.15842251088048,PEYEQGSPMMTMIOPCMQFQVUPOUEFZLKS
106,-215.15842251088048,XRCRNYPXGGKGOWXVGNSNUDXWDRSFQZP
107,-215.15842251088048,PXFXVMCPAAOAWKPDAVZVNHPKHXZUGJC
109,-215.15842251088048,QLZLBKCQOOPOSUQROBGBHXQUXLGWMNC
110,-215.15842251088048,QGRGNZWQEEMEXBQPENLNISQBSGLOUDW
111,-215.15842251088048,YVZVJWKYXXQXTEYNXJPJAUYEUVPMOCK
112,-215.15842251088048,FHSHJKZFPPAPGOFLPJXJRDFODHXMIWZ
114,-215.15842251088048,RJQJCPERMMYMTXRZMCLCSDRXDJLKGAE
116,-215.15842251088048,JNUNRLTJFFAFYDJVFRMRZBJDBNMSPWT
117,-215.15842251088048,CTUTSEGCNNWNZVCQNSJSIFCVFTJRYBG
118,-215.15842251088048,OZGZYDSOKKVKFCOLKYAYBNOCNZARIWS
119,-215.15842251088048,XWRWFTCXLLALBGXKLFQFENXGNWQVDJC
120,-215.15842251088048,PUWUQDKPAAHAVOPJAQCQLZPOZUCYBFK
122,-215.15842251088048,CURUDTLCMMAMJNCKMDZDHBCNBUZFSQL
123,-215.15842251088048,EBJBFQOEVVZVKHESVFMFYWEHWBMDNPO
124,-215.15842251088048,PGTGYORPAAHAJLPBAYKYQNPLNGKFWDR
126,-215.15842251088048,AFTFWBLAIIYIKCAVIWRWOGACGFRJXQL
127,-215.15842251088048,NJGJYQONAAKALMNVAYDYESNMSJDRUCO
128,-215.15842251088048,IKEKQZBICCYCJNIMCQGQDUINUKGHOAB
129,-215.15842251088048,ZXNXMOHZBBSBVAZYBMKMQDZADXKTLRH
131,-215.15842251088048,KVLVEMZKXXCXDGKRXEOEQIKGIVOAUYZ
132,-215.15842251088048,LKCKVXOLIIHIPJLFIVYVBSLJSKYDQUO
136,-215.15842251088048,NJMJPTKNUUSULANYUPGPEWNAWJGCDXK
138,-215.15842251088048,UWYWCNXUGGTGJAUOGCBCLKUAKWBRSQX
139,-215.15842251088048,NAVAQHJNCCUCXGNPCQLQKYNGYALZDFJ
143,-215.15842251088048,ADHDOTQAPPEPIYAZPOBOFVAYVDBJCSQ
145,-215.15842251088048,JDWDBUEJMMAMSTJVMBFBHLJTLDFPNCE
147,-215.15842251088048,YAPAJNVYIIRILBYSIJQJTMYBMAQKDUV
149,-215.15842251088048,DTOTYLFDEEBEVSDKEYHYAIDSITHCXJF
153,-215.15842251088048,WEXESQCWMMLMTUWVMSYSDGWUGEYAFBC
156,-215.15842251088048,NDXDSLRNCCFCKENYCSVSWQNEQDVZUIR
164,-215.15842251088048,QXRXGOPQCCACBHQTCGDGMWQHWXDNYKP
165,-215.15842251088048,BWKWQRGBAASAOEBZAQVQUCBECWVYTXG
168,-215.15842251088048,JZDZUQSJNNBNVOJYNUKUPLJOLZKIEWS
169,-215.15842251088048,QJYJTIBQAADAUNQFATCTELQNLJCPWMB
170,-215.15842251088048,LAZABOELYYTYKSLMYBFBXWLSWAFCNJE
172,-215.15842251088048,RLYLOGXRIIPIDJRWIOSONKRJKLSAVQX
174,-215.15842251088048,XBQBUJAXRRCRYVXKRUZUTHXVHBZNSMA
177,-215.15842251088048,WVKVFRCWJJPJAYWHJFZFDSWYSVZMOIC
178,-215.15842251088048,ABMBJYDAQQVQUCAHQJFJIWACWBFPKLD
179,-215.15842251088048,UKEKDOYUIICIZFUXIDTDRSUFSKTLAMY
180,-215.15842251088048,JVLVNWOJUUIUMCJEUNYNXHJCHVYBGZO
182,-215.15842251088048,YAHAUSKYTTJTNXYWTUGULMYXMAGVOCK
183,-215.15842251088048,NMFMYZCNPPWPSQNTPYLYKONQOMLAVGC
185,-215.15842251088048,BZQZPRCBOOEOJABNOPTPGWBAWZTFSKC
189,-215.15842251088048,OZHZTJPOVVCVEXOAVTYTBMOXMZYDQFP
191,-215.15842251088048,QNGNWUHQEEXEIDQVEWPWCLQDLNPASMH
193,-215.15842251088048,ZITISLYZXXMXPGZUXSKSAFZGFIKWEJY
196,-215.15842251088048,PNSNGVHPYYZYKMPTYGDGCBPMBNDXROH
198,-215.15842251088048,WGDGASCWXXRXQPWOXAIANJWPJGIBMVC
201,-215.15842251088048,LPYPBIOLMMXMVKLTMBSBEWLKWPSGFJO
209,-215.15842251088048,ELMLFJOEVVCVSPEIVFYFBGEPGLYDQNO
216,-215.15842251088048,IFZFXSPIJJBJVUIMJXQXALIULFQEKCP
218,-215.15842251088048,OBABWCROIIHIZMOQIWFWXVOMVBFSUJR
219,-215.15842251088048,QFOFUALQMMJMBZQXMUEUSCQZCFEIVGL
220,-215.15842251088048,CSMSKTWCPPLPRXCJPKIKOGCXGSIZFEW
223,-215.15842251088048,TDNDKOXTUUWUHFTEUKLKBYTFYDLVCJX
228,-215.15842251088048,WLOLUAVWDDCDZFWEDUGUBRWFRLGPQNV
229,-215.15842251088048,JEKEWXFJUUZUHMJOUWPWTNJMNEPYQDF
231,-215.15842251088048,QWCWNKZQPPGPVYQRPNANMLQYLWAXSFZ
236,-215.15842251088048,DGAGRJCDHHSHIVDFHRURQWDVWGUZXLC
237,-215.15842251088048,GULUWTVGNNXNRMGFNWDWBQGMQUDECKV
238,-215.15842251088048,QNJNFGWQDDUDETQMDFYFRXQTXNYIZVW
239,-215.15842251088048,LSBSPHVLQQXQCRLUQPTPAFLRFSTKMJV
241,-215.15842251088048,UWEWMPDUTTSTRNUKTMVMBLUNLWVFJAD
245,-215.15842251088048,BGFGLZUBYYNYDSBTYLVLXJBSJGVMCEU
246,-215.15842251088048,IUXUPMZINNQNYBIENPWPDVIBVUWRJLZ
247,-215.15842251088048,OPGPJHDOQQWQYFOTQJNJRSOFSPNLKVD
248,-215.15842251088048,PCOCGKUPEEYESJPQEGAGIVPJVCARWMU
251,-215.15842251088048,TZYZGMSTEEKEWLTCEGFGXNTLNZFOJVS
254,-215.15842251088048,DVAVELMDCCBCYWDGCEPEURDWRVPSNKM
256,-215.15842251088048,DTNTCSZDQQMQPKDXQCACJWDKWTABYOZ
257,-215.15842251088048,KPUPWVDKHHCHJAKLHWBWGZKAZPBQRID
258,-215.15842251088048,NMCMJTQNBBOBEANZBJPJYKNAKMPLVFQ
259,-215.15842251088048,HPYPDGLHZZUZFKHXZDBDIQHKQPBNWSL
260,-215.15842251088048,SHJHXFWSTTPTMKSOTXYXGBSKBHYCVRW
262,-215.15842251088048,FEOEUQGFSSWSVCFLSUJUTDFCDEJXRZG
263,-215.15842251088048,CQMQDYHCOOUOFGCWODNDTZCGZQNVAKH
264,-215.15842251088048,LMGMNKVLUUCUQRLAUNWNXFLRFMWPYDV
265,-215.15842251088048,YXKXIGRYVVNVMFYCVIHIOLYFLXHPADR
268,-215.15842251088048,CJDJFXSCVVKVNACHVFTFOMCAMJTYLZS
270,-215.15842251088048,AZTZWPLAJJNJKSARJWYWIQASQZYMBVL
271,-215.15842251088048,DFUFWOEDKKAKICDJKWNWLGDCGFNZSRE
272,-215.15842251088048,WIDIOQBWUUEUACWGUOMORPWCPIMXJVB
274,-215.15842251088048,MHGHCOPMUULUEXMWUCDCQTMXTHDZFNP
276,-215.15842251088048,EMZMAWJESSOSFQEDSAUAIGEQGMULYHJ
277,-215.15842251088048,BVCVHKDBQQFQMSBYQHAHOGBSGVANTRD
279,-215.15842251088048,VBLBYSXVRRPRHGVTRYJYFKVGKBJNMCX
281,-215.15842251088048,LUZUXGCLJJMJHALIJXRXNYLAYURDBFC
282,-215.15842251088048,CGUGXSRCNNYNTZCINXVXMECZEGVWQPR
284,-215.15842251088048,XWHWODUXAANAIBXGAOYOZKXBKWYJRQU
286,-215.15842251088048,AIGIJWOAYYSYMZAFYJKJRBAZBIKCXLO
287,-215.15842251088048,JSGSPCFJWWDWVAJKWPHPTNJANSHXOQF
288,-215.15842251088048,LZXZOQRLUUEUICLWUOJOVFLCFZJGBKR
290,-215.15842251088048,ZTJTEOKZYYMYLBZWYEDERIZBITDQUVK
293,-215.15842251088048,FCJCUHXFYYTYOSFKYUPUMIFSICPBVAX
295,-215.15842251088048,SYLYCFISOOUOKGSDOCWCVZSGZYWEBRI
296,-215.15842251088048,QGTGFHWQKKLKPCQJKFOFXMQCMGOSAYW
297,-215.15842251088048,MLDLERBMWWOWVCMQWEKEFTMCTLKAPZB
305,-215.15842251088048,XQAQRTFXHHGHOLXBHRCRKDXLDQCNWSF
307,-215.15842251088048,VURUEPKVOOJOQFVSOEMEIBVFBUMYGLK
309,-215.15842251088048,FCZCPIYFHHAHDUFBHPOPLKFUKCOGWQY
310,-215.15842251088048,UBFBHQNUJJMJLOUVJHPHCWUOWBPIAGN
313,-215.15842251088048,LKMKEPYLWWOWQBLVWECEHGLBGKCUZAY
318,-215.15842251088048,AJXJRDVAMMWMFKAZMRSRLGAKGJSHQUV
321,-215.15842251088048,LGJGZCULQQKQFNLSQZIZAHLNHGIVYXU
322,-215.15842251088048,HKVKNWUHTTXTYZHRTNJNCBHZBKJPGQU
323,-215.15842251088048,QRURYTVQIISIWJQXIYEYPNQJNREDCKV
325,-215.15842251088048,AIWIYZVAPPOPGMAEPYUYQBAMBIURFDV
326,-215.15842251088048,SJEJBKFSYYAYRVSIYBWBTDSVDJWPXMF
328,-215.15842251088048,FYPYRHMFJJZJSLFQJRTRUOFLOYTXCAM
331,-215.15842251088048,JUZURLCJXXAXTVJHXRNRMDJVDUNPQBC
333,-215.15842251088048,AMWMFETAUUSUJXAKUFNFVRAXRMNDBGT
335,-215.15842251088048,DSASMUVDKKGKJPDQKMFMLCDPCSFERTV
336,-215.15842251088048,YFZFWHPYQQSQVCYKQWAWXJYCJFATURP
337,-215.15842251088048,PVDVAWUPXXRXYFPJXANAKHPFHVNTZSU
339,-215.15842251088048,WNFNLBMWQQZQOPWAQLELUGWPGNEDTCM
343,-215.15842251088048,MYCYKBIMQQJQGUMTQKWKFLMULYWPVRI
345,-215.15842251088048,UYGYHVXUKKWKMDUNKHRHPFUDFYROAJX
347,-215.15842251088048,PJFJTDUPSSVSOLPNSTWTBYPLYJWAXHU
348,-215.15842251088048,CGPGKTNCRRVRSOCWRKXKFLCOLGXBUHN
349,-215.15842251088048,XODOAYEXBBQBFJXWBAZAMLXJLOZNSCE
354,-215.15842251088048,RUPUCINRVVQVLDRTVCACSMRDMUAFZYN
357,-215.15842251088048,VWBWRASVFFTFJOVEFRGRQKVOKWGCMLS
360,-215.15842251088048,LPUPKRJLBBWBHCLMBKVKXYLCYPVSNOJ
361,-215.15842251088048,JWUWHSEJGGAGKIJOGHMHZPJIPWMQBNE
362,-215.15842251088048,TFVFGDITKKUKXLTZKGNGEATLAFNWMYI
363,-215.15842251088048,FLOLTAXFZZHZVBFMZTQTGSFBSLQUDYX
365,-215.15842251088048,RBFBSOLRGGQGVYREGSUSIXRYXBUDKTL
366,-215.15842251088048,MUQUNPKMVVAVTWMDVNFNYZMWZUFJLHK
368,-215.15842251088048,OBUBQGEOKKJKZLOSKQAQIFOLFBAPVHE
369,-215.15842251088048,DGKGXSEDBBWBMTDHBXZXNCDTCGZLUFE
370,-215.15842251088048,DNYNKTVDRRLRFIDXRKMKQJDIJNMGSUV
371,-215.15842251088048,MZNZJPVMTTFTSQMGTJAJDOMQOZALHRV
377,-215.15842251088048,GSDSXLJGBBABIOGHBXCXQVGOVSCPRWJ
378,-215.15842251088048,LZWZPGALFFDFKXLYFPTPVQLXQZTSBCA
382,-215.15842251088048,HFBFRQUHSSJSOCHNSRKRPAHCAFKVMZU
383,-215.15842251088048,WTSTNFUWKKXKGRWOKNQNDAWRATQVCZU
384,-215.15842251088048,JHMHWCFJGGDGQNJXGWVWTSJNSHVUYZF
385,-215.15842251088048,TXNXVCSTOOWOMJTKOVQVABTJBXQHYUS
386,-215.15842251088048,XFOFWUVXRRARYLXGRWHWMCXLCFHIKBV
387,-215.15842251088048,VTKTWLXVFFCFSMVZFWJWANVMNTJRGHX
389,-215.15842251088048,GBJBAXWGVVOVCUGFVAPARDGUDBPKIMW
391,-215.15842251088048,PTXTQUZPIIAIOMPVIQGQRDPMDTGCFYZ
392,-215.15842251088048,NQLQBCTNSSESOXNWSBZBMJNXJQZDRGT
394,-215.15842251088048,SIGIXJFSCCYCVDSWCXOXMASDAIOKRLF
395,-215.15842251088048,EAMAVZKEDDXDHOEIDVCVQFEOFACGUBK
397,-215.15842251088048,OMAMCWDOGGUGNPOJGCLCQZOPZMLVHBD
398,-215.15842251088048,SOWOEDXSBBUBACSKBEIEFRSCROIPYJX
399,-215.15842251088048,BDADVPCBEELEQYBOEVGVUJBYJDGSINC
405,-215.15842251088048,VRSRPMQVAAOAITVZAPBPXLVTLRBHJKQ
407,-215.15842251088048,QDHDSCOQPPVPFXQMPSNSLGQXGDNUKIO
410,-215.15842251088048,LVGVWYPLDDMDXULHDWFWNCLUCVFIKQP
414,-215.15842251088048,RBZBSWQRVVUVLKRIVSXSCFRKFBXHJAQ
415,-215.15842251088048,PTXTFJUPKKWKCZPOKFDFIMPZMTDQLGU
416,-215.15842251088048,USGSZLCUOOYOAJUTOZMZQFUJFSMXEPC
418,-215.15842251088048,KPLPDFQKJJHJOAKBJDCDTUKAUPCZVNQ
420,-215.15842251088048,KXDXSAYKBBMBIEKGBSLSQOKEOXLPZNY
425,-215.15842251088048,QEPEYWAQOONOFSQZOYXYGMQSMEXCJBA
426,-215.15842251088048,DYUYTXLDSSWSEMDFSTNTVPDMPYNJBQL
427,-215.15842251088048,FNTNOQUFRRCRGJFSROKODWFJWNKMVLU
428,-215.15842251088048,VIKIRZCVAAWAUMVQARSRLGVMGISJPHC
429,-215.15842251088048,NJHJMEONSSUSDCNTSMZMPVNCVJZLYFO
430,-215.15842251088048,APSPVYKAMMJMLOAUMVQVFIAOIPQRECK
432,-215.15842251088048,JSHSDWYJBBUBAFJNBDXDZMJFMSXQOEY
435,-215.15842251088048,ZYDYAWUZJJFJNRZBJAVAOKZRKYVCQPU
437,-215.15842251088048,TFGFURZTAAMADOTKAUBUNWTOWFBVQXZ
439,-215.15842251088048,OIZIWLFOYYSYEDOVYWCWTUODUICXJPF
441,-215.15842251088048,BICIMXZBFFWFJUBTFMYMOKBUKIYESDZ
442,-215.15842251088048,LCWCRGJLYYZYBOLQYRARDVLOVCAMHNJ
443,-215.15842251088048,JBKBIYZJCCLCWXJNCIFIVQJXQBFSTPZ
444,-215.15842251088048,GFUFOINGJJDJZYGLJOQOBRGYRFQPWHN
445,-215.15842251088048,HWUWSVJHIIQICYHOISZSMFHYFWZALRJ
447,-215.15842251088048,WZXZQJDWCCMCUEWGCQKQTSWESZKROYD
448,-215.15842251088048,FNKNBWJFUUXUVZFHUBPBSYFZYNPROMJ
449,-215.15842251088048,KIAIDCJKYYXYOLKTYDEDRBKLBIEPWQJ
450,-215.15842251088048,GXJXPQNGTTATBWGCTPYPVZGWZXYDEON
452,-215.15842251088048,GCSCFRPGVVQVMAGZVFBFYEGAECBNTJP
459,-215.15842251088048,XVEVUFQXWWKWHCXLWUPUSZXCZVPDMIQ
461,-215.15842251088048,PABAKGYPDDVDXZPEDKOKHJPZJAOLUMY
462,-215.15842251088048,VGZGFUMVIIXIWEVYIFCFRNVENGCPJSM
463,-215.15842251088048,OLRLCSQOXXZXDAONXCPCTVOAVLPJUWQ
467,-215.15842251088048,TMDMUPCTXXOXYATQXUHUBSTASMHWRFC
468,-215.15842251088048,OEPEBQLOVVNVGSOUVBTBCZOSZETJDML
470,-215.15842251088048,YJHJKOTYVVLVUZYRVKMKDWYZWJMSCQT
471,-215.15842251088048,LYXYESCLIIAIOBLJIEFEMWLBWYFQTVC
476,-215.15842251088048,PNMNXALPBBCBDWPVBXYXFEPWENYOQKL
477,-215.15842251088048,IKRKPJBILLNLCDIGLPOPWQIDQKOHASB
481,-215.15842251088048,PAZAVMSPBBUBGIPDBVNVYKPIKANWLFS
482,-215.15842251088048,PASAYLRPQQEQVNPJQYOYIXPNXAOZWBR
483,-215.15842251088048,CFYFGDLCQQEQMKCNQGBGOHCKHFBSWPL
484,-215.15842251088048,LTJTUZVLYYSYBWLFYUOUNRLWRTOMDKV
485,-215.15842251088048,JBWBDNTJQQVQZYJEQDCDSOJYOBCGLUT
486,-215.15842251088048,ZUOUGQAZYYEYDLZIYGHGVXZLXUHJFBA
487,-215.15842251088048,JUEUKNDJGGFGOXJMGKHKALJXLUHQYCD
488,-215.15842251088048,YSRSHWFYKKJKNLYGKHZHUMYLMSZTQDF
490,-215.15842251088048,LZCZJINLYYOYVULMYJFJXRLURZFPSGN
491,-215.15842251088048,LCXCJZWLOOROAULPOJFJQSLUSCFGDEW
493,-215.15842251088048,KJMJZYVKAABAOPKEAZTZUQKPQJTDGWV
496,-215.15842251088048,ASKSPTFAIIJILBAVIPMPWXABXSMYGOF
499,-215.15842251088048,BUCULGABIIWIQTBSILYLVXBTXUYNMZA
