restart,score,plaintext
0,-151.11947865596866,ZCSCEKVZHHJHIPZTHEREFGZPGCRLWAV
1,-215.15842251088048,EAKAYTIELLBLUMEOLYZYGQEMQAZSJXI
2,-183.31233293052253,NWJWITHNZZBZFONPZIDIASNOSWDXCRH
3,-215.15842251088048,JAUAOXDJQQZQKVJEQOGORCJVCAGINMD
4,-208.05796925088183,CDMDOLQCIIBIKACTIONOHXCAXDNPGFQ
5,-183.31233293052253,TRYRBDVTUUGUWITHUBZBFMTIMRZAJCV
6,-215.15842251088048,SBIBUMJSDDZDPASRDUEUFNSANBELGXJ
7,-215.15842251088048,JNXNVIKJCCACSUJZCVPVRQJUQNPLTBK
8,-215.15842251088048,QALADWXQJJPJNBQUJDSDOGQBGASZVYX
9,-156.3275806524071,HERECPDHWWLWITHGWCXCUFHTFEXJMBD
10,-215.15842251088048,HKQKCOLHXXBXSGHRXCZCWVHGVKZFDIL
11,-215.15842251088048,YFBFWETYNNJNGCYPNWOWHLYCLFOSMQT
12,-188.1736702327651,XLWLEDMXHHCHKVXIHEREFAXVALRJGZM
13,-208.05796925088183,TNLNFRVTSSKSMITXSFPFZOTIONPYQWV
14,-215.15842251088048,ELILYWHEQQVQFDEPQYGYJXEDXLGZBNH
15,-215.15842251088048,WNMNJTHWPPGPUBWZPJLJXQWBQNLYSKH
16,-215.15842251088048,UFIFZJDUVVQVTLURVZXZCYULYFXEOWD
17,-183.31233293052253,HGAGWITHQQEQZMHFQWKWCYHMYGKVDXT
18,-215.15842251088048,WBUBJECWZZQZVDWGZJSJAOWDOBSFMHC
19,-188.1736702327651,HEREPJOHYYQYWBHVYPLPDAHBAELCUNO
20,-208.2702992035826,QGIGHTLQPPCPBDQSPHVHARQDRGVYNXL
21,-208.05796925088183,FDUDIKBFPPCPMYFRPITIONFYNDTEJZB
22,-119.27338907561068,IDYDEUOIHHGHBWITHEREKLIWLDRXFNO
23,-215.15842251088048,PUBUIALPRRZRMNPORIDIQEPNEUDYSJL
24,-215.15842251088048,ZEDELYKZIIFIJWZMILQLOUZWUEQHCNK
25,-215.15842251088048,XAEABJUXZZDZTPXGZBKBLQXPQAKSHWU
26,-215.15842251088048,RNPNZQVRCCLCBMRFCZAZTYRMYNAKXWV
27,-188.1736702327651,LSYSEKULHHMHPOLBHEREWALOASRCDNU
28,-183.3123329305225,ZQAQEPUZBBOBLGZKBEWENYZGYQWITHU
29,-208.2702992035826,CAKAHBUCGGXGVDCIGHTHNFCDFATYZJU
30,-181.28554692546717,HEREJIGHTTNTMBHUTJSJPKHBKESOFLG
31,-215.15842251088048,UFIFWAPUBBLBCRUMBWOWQXURXFONZDP
32,-215.15842251088048,RXAXUVMRYYHYLSROYUZUGJRSJXZCKIM
33,-215.15842251088048,PWMWEJTPXXOXYGPVXEZEDLPGLWZRIFT
34,-151.11947865596866,ZDPDECKZHHFHBVZTHERELWZVWDRJSQK
35,-208.05796925088183,ETJTAHUEFFYFZGEDFAIAVBEGBTIONSU
36,-215.15842251088048,CPTPSEMCGGUGKJCAGSXSOVCJVPXNLHM
37,-215.15842251088048,DRBRXQTDMMCMHZDFMXAXJUDZURANVPT
38,-156.3275806524071,HEREWITHGGNGUDHKGWCWSOHDOECBQMT
39,-215.15842251088048,AQUQYOJAWWMWZGALWYHYCKAGKQHPNSJ
40,-215.15842251088048,GEZERKOGYYXYCUGAYRIRVNGUNEIMWDO
41,-208.05796925088183,IASAFDZINNBNETIONFCFRQITQACXLVZ
42,-215.15842251088048,IVHVKWPICCYCAEIXCKSKJNIENVSGLOP
43,-119.27338907561068,ILDLEBKIHHPHXWITHEREVFIWFLRAZNK
44,-183.31233293052253,HAJAWITHGGZGOFHUGWNWBYHFYANECMT
45,-215.15842251088048,MUVUDABMCCOCLKMECDGDQTMKTUGIPFB
46,-215.15842251088048,CGSGBIQCNNWNZJCXNBKBYACJAGKMTRQ
47,-183.31233293052253,HKBKWITHLLPLUNHALWSWMCHNCKSVZYT
48,-215.15842251088048,DMLMXVODSSKSANDISXFXGQDNQMFPJCO
49,-183.3123329305225,MCXCFAUMPPQPRZMBPFWFJVMZVCWITHU
50,-119.27338907561068,IJPJEGXIHHYHNWITHEREOBIWBJRLASX
51,-188.1736702327651,HEREKUSHNNCNQZHTNKVKBFHZFEVPWOS
52,-183.3123329305225,YARAMUHYZZEZBOYXZMNMVJYOJANWITH
53,-188.1736702327651,HERECOZHVVQVMKHWVCBCGXHKXEBSNPZ
54,-181.28554692546717,HEREDIGHTTPTOXHCTDYDJUHXUEYMABG
55,-215.15842251088048,XUNUMPBXRRKRECXFRMAMTGXCGUAISZB
56,-215.15842251088048,AMNMISDAVVGVKWAUVIEIZFAWFMECLHD
57,-208.1042309340841,MTQTHERMOOSOAGMCOHVHDZMGZTVNKBR
58,-215.15842251088048,CHYHGZMCNNDNFPCTNGJGLECPEHJAXOM
59,-215.15842251088048,VTDTFSAVQQPQEJVIQFNFKHVJHTNUBLA
60,-215.15842251088048,MGXGFIZMKKVKHYMQKFOFJCMYCGOUPAZ
61,-215.15842251088048,OXPXWVSONNFNHUOCNWJWYLOULXJTDKS
62,-215.15842251088048,ORKRSZBOUUXUFAODUSPSIGOAGRPVJMB
63,-183.31233293052253,IUOUGSNIHHFHLWITHGEGAYIWYUEVBDN
64,-215.15842251088048,KUMUHTFKWWSWAOKVWHCHDXKOXUCPZYF
65,-215.15842251088048,REDEFPIRXXCXZGRVXFSFNQRGQESMOYI
66,-215.15842251088048,OSPSLBVOMMXMJEOZMLULFWOEWSUQIKV
67,-215.15842251088048,JRURCLHJFFPFKIJWFCACNOJIORAYDMH
68,-183.3123329305225,KWSWYOGKAAUAPXKLAYIYDMKXMWITHQG
69,-215.15842251088048,WFSFIVYWOOTOJKWPOICIZQWKQFCAEUY
70,-215.15842251088048,BTQTOGSBVVCVAIBUVOFOJKBIKTFWMLS
71,-188.1736702327651,OLBLEDSOHHXHAVOGHEREUIOVILRFMPS
72,-188.1736702327651,MJVJEKLMHHZHQFMAHEREGIMFIJRDSOL
73,-188.1736702327651,HEREPAZHYYLYJBHOYPIPMQHBQEIXDWZ
74,-215.15842251088048,RFYFHZQRXXUXJIRMXHCHSWRIWFCDPAQ
75,-208.05796925088183,JFYFOSEJIIGIXUJTIONOKCJUCFNBDAE
76,-183.3123329305225,XTBTZFRXUUYUSWXJUZHZQIXWITHONGR
77,-215.15842251088048,FGPGOJYFIIWIAXFMIOCOQNFXNGCURKY
78,-215.15842251088048,FGDGEVYFWWQWIAFTWEZECNFANGZPSLY
79,-156.3275806524071,HEREWKGHSSQSFYHBSWNWITHYTENZAPG
80,-215.15842251088048,LUJUDTKLYYIYNPLFYDSDQBLPBUSGCWK
81,-215.15842251088048,VTNTCRWVIIMIKXVAICFCPJVXJTFLZUW
82,-188.1736702327651,HEREOCFHQQAQDMHTQOWOLUHMUEWBGVF
83,-215.15842251088048,VNCNLMXVQQYQTUVWQLKLOHVUHNKSAFX
84,-151.11947865596866,SVZVEOQSHHIHNASTHEREBFSAFVRGYPQ
85,-208.05796925088183,YPSPVMCYIITIONYXIVFVRAYNAPFLQZC
86,-215.15842251088048,IJRJTZXICCSCELIVCTUTMQILQJUGFDX
87,-188.1736702327651,CUXUEBYCHHKHAICWHEREQZCIZURVJPY
88,-208.05796925088183,YAPAQWCYVVLVJFYSVQTQEXYFXATIONC
89,-208.05796925088183,NSKSYWCNTTDTIONHTYZYMUNOUSZVGRC
90,-215.15842251088048,QZSZAJLQYYTYEWQDYAMAPIQWIZMOBUL
91,-208.10423093408406,YTWTXMNYFFSFJUYPFXHXCZYUZTHERBN
92,-215.15842251088048,XZWZVCRXSSISGQXJSVFVKAXQAZFBUOR
93,-215.15842251088048,ZXHXPNTZKKEKSAZDKPLPWVZAVXLQBOT
94,-215.15842251088048,LODOGVELRRWRYTLNRGUGFCLTCOUAJKE
95,-215.15842251088048,KZMZRHUKYYVYIQKBYRARTLKQLZAPSXU
96,-208.05796925088183,BXAXMZHBIITIONBCIMUMRDBNDXUPGKH
97,-183.3123329305225,STLTMQBSNNANZWSONMHMVISWITHGFXB
98,-215.15842251088048,KWJWFCVKZZSZHXKEZFDFNBKXBWDOQUV
99,-215.15842251088048,SJMJLFKSUUHUGYSPULZLXTSYTJZQDCK
100,-215.15842251088048,PEYEQGSPMMTMIOPCMQFQVUPOUEFZLKS
101,-188.1736702327651,HERELGYHFFMFJIHBFLVLNOHIOEVAXZY
102,-151.11947865596866,JFLFEZPJHHDHXQJTHERESUJQUFRKINP
103,-188.1736702327651,HEREMWNHLLOLUPHYLMKMGFHPFEKZQVN
104,-208.05796925088183,NYWYSUCNTTBTIONKTSASJDNODYALRPC
105,-163.31233293052253,RWPWITHREEQEVKRAEIXIYDRKDWXLUFH
106,-215.15842251088048,XRCRNYPXGGKGOWXVGNSNUDXWDRSFQZP
107,-215.15842251088048,PXFXVMCPAAOAWKPDAVZVNHPKHXZUGJC
108,-183.31233293052253,ILULGOQIHHDHEWITHGNGSXIWXLNPJYQ
109,-215.15842251088048,QLZLBKCQOOPOSUQROBGBHXQUXLGWMNC
110,-215.15842251088048,QGRGNZWQEEMEXBQPENLNISQBSGLOUDW
111,-215.15842251088048,YVZVJWKYXXQXTEYNXJPJAUYEUVPMOCK
112,-215.15842251088048,FHSHJKZFPPAPGOFLPJXJRDFODHXMIWZ
113,-188.1736702327651,HERESDKHGGJGCOHFGSZSPVHOVEZLXBK
114,-215.15842251088048,RJQJCPERMMYMTXRZMCLCSDRXDJLKGAE
115,-183.31233293052253,HPDPWITHBBSBRLHGBWJWUZHLZPJAONT
116,-215.15842251088048,JNUNRLTJFFAFYDJVFRMRZBJDBNMSPWT
117,-215.15842251088048,CTUTSEGCNNWNZVCQNSJSIFCVFTJRYBG
118,-215.15842251088048,OZGZYDSOKKVKFCOLKYAYBNOCNZARIWS
119,-215.15842251088048,XWRWFTCXLLALBGXKLFQFENXGNWQVDJC
120,-215.15842251088048,PUWUQDKPAAHAVOPJAQCQLZPOZUCYBFK
121,-183.3123329305225,GSPSIRLGAAFAKMGYAIWITHGMHSWOCZL
122,-215.15842251088048,CURUDTLCMMAMJNCKMDZDHBCNBUZFSQL
123,-215.15842251088048,EBJBFQOEVVZVKHESVFMFYWEHWBMDNPO
124,-215.15842251088048,PGTGYORPAAHAJLPBAYKYQNPLNGKFWDR
125,-208.2702992035826,DGAGKYXDZZVZJBDOZKHKNIDBIGHTSLX
126,-215.15842251088048,AFTFWBLAIIYIKCAVIWRWOGACGFRJXQL
127,-215.15842251088048,NJGJYQONAAKALMNVAYDYESNMSJDRUCO
128,-215.15842251088048,IKEKQZBICCYCJNIMCQGQDUINUKGHOAB
129,-215.15842251088048,ZXNXMOHZBBSBVAZYBMKMQDZADXKTLRH
130,-208.10423093408406,EKUKGXPEWWZWTHERWGCGMDEHDKCYJNP
131,-215.15842251088048,KVLVEMZKXXCXDGKRXEOEQIKGIVOAUYZ
132,-215.15842251088048,LKCKVXOLIIHIPJLFIVYVBSLJSKYDQUO
133,-188.1736702327651,CLALEPXCHHZHWOCKHEREIFCOFLRSJBX
134,-208.05796925088183,ZUCUGHBZVVYVXJZQVGTGFKZJKUTIONB
135,-183.3123329305225,LDYDIVCLOOQORSLXOIWITHLSHDWZNEC
136,-215.15842251088048,NJMJPTKNUUSULANYUPGPEWNAWJGCDXK
137,-208.1042309340841,DTXTHERDSSPSIQDZSHLHOADQATLKUBR
138,-215.15842251088048,UWYWCNXUGGTGJAUOGCBCLKUAKWBRSQX
139,-215.15842251088048,NAVAQHJNCCUCXGNPCQLQKYNGYALZDFJ
140,-158.05796925088183,NYXYTEGNSSBSJDNCSTATIONDOYAWFQG
141,-183.3123329305225,HQYQWDJHZZMZOBHCZWLWITHBTQLKUVJ
142,-208.05796925088183,TNZNCLWTJJYJKITPJCECROTIONEXQFW
143,-215.15842251088048,ADHDOTQAPPEPIYAZPOBOFVAYVDBJCSQ
144,-188.1736702327651,HEREBNUHCCKCQYHXCBABOZHYZEAJGWU
145,-215.15842251088048,JDWDBUEJMMAMSTJVMBFBHLJTLDFPNCE
146,-208.05796925088183,TBABNUFTOOXORZTIONQNGETZEBQCSPF
147,-215.15842251088048,YAPAJNVYIIRILBYSIJQJTMYBMAQKDUV
148,-183.31233293052253,TOLOXKBTCCFCWITHCXGXVYTIYOGJMEB
149,-215.15842251088048,DTOTYLFDEEBEVSDKEYHYAIDSITHCXJF
150,-188.1736702327651,HEREMSKHAALAXOHIAMWMFGHOGEWCJPK
151,-208.2702992035826,CIJILPECKKYKXQCFKLGLAVCQVIGHTOE
152,-188.1736702327651,GANAEPVGHHXHDSGMHEREFJGSJARKLOV
153,-215.15842251088048,WEXESQCWMMLMTUWVMSYSDGWUGEYAFBC
154,-195.15842251088048,RAYAUTHREEZEPDRSEUOUNXRDXAOKLJH
155,-183.3123329305225,PODOIJAPKKFKULPSKIWITHPLHOWMBNA
156,-215.15842251088048,NDXDSLRNCCFCKENYCSVSWQNEQDVZUIR
157,-208.2702992035826,HLFLBIGHTTUTAOHETBWBSMHOMLWQPZG
158,-208.05796925088183,IXJXBZQINNCNKTIONBEBVGITGXELYMQ
159,-183.31233293052253,IXLXODVIHHGHEWITHONOFMIWMXNPASV
160,-208.2702992035826,LJUJHEZLGGFGMQLIGHTHBKLQKJTPOSZ
161,-183.31233293052253,IFDFMOBIHHGHAWITHMSMEQIWQFSYPXB
162,-156.3275806524071,HEREWITHQQBQUCHNQWOWGVHCVEOYALT
163,-188.1736702327651,CNANEJVCHHSHQUCDHEREYMCUMNRXIZV
164,-215.15842251088048,QXRXGOPQCCACBHQTCGDGMWQHWXDNYKP
165,-215.15842251088048,BWKWQRGBAASAOEBZAQVQUCBECWVYTXG
166,-183.31233293052253,QGYGOASQIIWITHQCIONOBLQHLGNJMDS
167,-188.1736702327651,SDZDEKGSHHBHOPSYHEREWCSPCDRVUAG
168,-215.15842251088048,JZDZUQSJNNBNVOJYNUKUPLJOLZKIEWS
169,-215.15842251088048,QJYJTIBQAADAUNQFATCTELQNLJCPWMB
170,-215.15842251088048,LAZABOELYYTYKSLMYBFBXWLSWAFCNJE
171,-208.10423093408406,DHKHVZPDXXSXBODFXVEVNTDOTHERQGP
172,-215.15842251088048,RLYLOGXRIIPIDJRWIOSONKRJKLSAVQX
173,-183.31233293052253,TMYMCKQTGGSGWITHGCZCVBTIBMZUXOQ
174,-215.15842251088048,XBQBUJAXRRCRYVXKRUZUTHXVHBZNSMA
175,-183.31233293052253,AWYWITHAZZOZXUABZINIJLAULWNQMVH
176,-188.1736702327651,HEREUVKHCCYCZBHJCULUPGHBGELIQNK
177,-215.15842251088048,WVKVFRCWJJPJAYWHJFZFDSWYSVZMOIC
178,-215.15842251088048,ABMBJYDAQQVQUCAHQJFJIWACWBFPKLD
179,-215.15842251088048,UKEKDOYUIICIZFUXIDTDRSUFSKTLAMY
180,-215.15842251088048,JVLVNWOJUUIUMCJEUNYNXHJCHVYBGZO
181,-188.1736702327651,HERENDSHYYLYCQHVYNTNJWHQWETUBGS
182,-215.15842251088048,YAHAUSKYTTJTNXYWTUGULMYXMAGVOCK
183,-215.15842251088048,NMFMYZCNPPWPSQNTPYLYKONQOMLAVGC
184,-188.1736702327651,HEREWBVHAAKAXGHPAWIWCNHGNEIQYZV
185,-215.15842251088048,BZQZPRCBOOEOJABNOPTPGWBAWZTFSKC
186,-188.1736702327651,HEREWQZHBBXBIGHUBWJWLPHGPEJYODZ
187,-188.1736702327651,HEREGIXHCCLCYJHACGWGVPHJPEWUNKX
188,-188.1736702327651,HEREABTHUUDUZKHNUAJAYQHKQEJFSPT
189,-215.15842251088048,OZHZTJPOVVCVEXOAVTYTBMOXMZYDQFP
190,-156.3275806524071,HEREYXBHWWVWITHPWYQYGKHTKEQDFOB
191,-215.15842251088048,QNGNWUHQEEXEIDQVEWPWCLQDLNPASMH
192,-188.1736702327651,HEREKJLHPPUPCFHAPKGKQYHFYEGZMWL
193,-215.15842251088048,ZITISLYZXXMXPGZUXSKSAFZGFIKWEJY
194,-183.3123329305225,YIGIMQFYDDCDUPYODMTMSWYPWITHAEF
195,-183.3123329305225,HDGDWYPHMMBMCFHUMWZWITHFTDZNSEP
196,-215.15842251088048,PNSNGVHPYYZYKMPTYGDGCBPMBNDXROH
197,-183.3123329305225,PSLSUQHPFFAFZGPDFUVUROPGOSVWITH
198,-215.15842251088048,WGDGASCWXXRXQPWOXAIANJWPJGIBMVC
199,-208.05796925088183,RTGTVKLRMMBMZARYMVIVXWRAWTIONJL
200,-151.11947865596866,BYNYEPIBHHUHADBTHEREJVBDVYRQKSI
201,-215.15842251088048,LPYPBIOLMMXMVKLTMBSBEWLKWPSGFJO
202,-176.25814135372607,ENLNIPAESSBSJREUSIWITHERHNWZMKA
203,-208.05796925088183,ILQLMWBINNSNGTIONMFMKCITCLFEVJB
204,-208.2702992035826,VMOMCBAVLLULPDVXLCICYSVDSMIGHTA
205,-208.05796925088183,NAVABDMNTTWTIONFTBCBSYNOYACRKEM
206,-181.28554692546717,HEREFIGHTTNTZUHOTFKFJDHUDEKXBAG
207,-151.11947865596866,JODOEZMJHHBHVLJTHERENSJLSORKGCM
208,-188.1736702327651,UKDKESZUHHIHAMUWHEREFOUMOKRQVCZ
209,-215.15842251088048,ELMLFJOEVVCVSPEIVFYFBGEPGLYDQNO
210,-188.1736702327651,ZQJQEKFZHHBHSIZMHEREVDZIDQRUYGF
211,-183.31233293052253,HFSFWITHQQMQXLHBQWUWCKHLKFUNGRT
212,-208.2702992035826,GSUSRCFGTTNTPIGHTRJRLBGIBSJYAZF
213,-208.05796925088183,JYVYQXNJDDEDBZJCDQFQPGJZGYFTION
214,-208.05796925088183,IFAFLBKINNSNYTIONLVLRMITMFVPWJK
215,-188.1736702327651,HERELJCHNNUNBYHGNLSLXZHYZESOPDC
216,-215.15842251088048,IFZFXSPIJJBJVUIMJXQXALIULFQEKCP
217,-188.1736702327651,CWKWEOPCHHNHFTCLHEREYQCTQWRDBZP
218,-215.15842251088048,OBABWCROIIHIZMOQIWFWXVOMVBFSUJR
219,-215.15842251088048,QFOFUALQMMJMBZQXMUEUSCQZCFEIVGL
220,-215.15842251088048,CSMSKTWCPPLPRXCJPKIKOGCXGSIZFEW
221,-188.1736702327651,QILIENAQHHWHVFQJHERESDQFDIRPOMA
222,-188.1736702327651,VOKOEWDVHHBHQGVIHERENMVGMORFLSD
223,-215.15842251088048,TDNDKOXTUUWUHFTEUKLKBYTFYDLVCJX
224,-156.3275806524071,HEREKVBHWWJWITHMWKXKAUHTUEXDOGB
225,-188.1736702327651,BJQJECSBHHYHDVBNHEREIOBVOJRKMLS
226,-188.1736702327651,HEREYVWHDDIDGJHPDYNYQFHJFENZKXW
227,-188.1736702327651,HEREFUSHZZMZGVHOZFJFWDHVDEJIQYS
228,-215.15842251088048,WLOLUAVWDDCDZFWEDUGUBRWFRLGPQNV
229,-215.15842251088048,JEKEWXFJUUZUHMJOUWPWTNJMNEPYQDF
230,-208.05796925088183,XDMDYZNXQQCQVFXAQYWYGEXFEDWTION
231,-215.15842251088048,QWCWNKZQPPGPVYQRPNANMLQYLWAXSFZ
232,-151.11947865596866,ZPLPEQCZHHDHUIZTHEREOMZIMPRJVAC
233,-163.31233293052253,RWFWITHREEAEPMRJEIBIZORMOWBCNGH
234,-188.1736702327651,QPMPELUQHHBHVWQCHERESIQWIPRYNDU
235,-208.2702992035826,TCPCIGHTDDSDFMTXDIZIOATMACZYBQH
236,-215.15842251088048,DGAGRJCDHHSHIVDFHRURQWDVWGUZXLC
237,-215.15842251088048,GULUWTVGNNXNRMGFNWDWBQGMQUDECKV
238,-215.15842251088048,QNJNFGWQDDUDETQMDFYFRXQTXNYIZVW
239,-215.15842251088048,LSBSPHVLQQXQCRLUQPTPAFLRFSTKMJV
240,-208.05796925088183,TKDKNJFTOOGOMETIONHNZYTEYKHPVAF
241,-215.15842251088048,UWEWMPDUTTSTRNUKTMVMBLUNLWVFJAD
242,-151.11947865596866,YUOUEPVYHHLHFXYTHEREINYXNURKQMV
243,-188.1736702327651,HEREAVKHWWZWLCHFWABADUHCUEBGYIK
244,-208.10423093408406,NEQEFPUNSSGSKTNZSFRFCHNTHERBAXU
245,-215.15842251088048,BGFGLZUBYYNYDSBTYLVLXJBSJGVMCEU
246,-215.15842251088048,IUXUPMZINNQNYBIENPWPDVIBVUWRJLZ
247,-215.15842251088048,OPGPJHDOQQWQYFOTQJNJRSOFSPNLKVD
248,-215.15842251088048,PCOCGKUPEEYESJPQEGAGIVPJVCARWMU
249,-188.1736702327651,HERECDSHUUPUKGHXUCFCIQHGQEFWMJS
250,-208.05796925088183,CHBHGLYCFFSFUJCAFGTGPVCJVHTIONY
251,-215.15842251088048,TZYZGMSTEEKEWLTCEGFGXNTLNZFOJVS
252,-188.1736702327651,HEREVOJHYYPYFZHNYVUVBQHZQEUKDAJ
253,-151.11947865596866,BWQWEMPBHHXHGSBTHERECKBSKWROVUP
254,-215.15842251088048,DVAVELMDCCBCYWDGCEPEURDWRVPSNKM
255,-188.1736702327651,NCXCEPONHHSHGYNWHERELZNYZCRQFVO
256,-215.15842251088048,DTNTCSZDQQMQPKDXQCACJWDKWTABYOZ
257,-215.15842251088048,KPUPWVDKHHCHJAKLHWBWGZKAZPBQRID
258,-215.15842251088048,NMCMJTQNBBOBEANZBJPJYKNAKMPLVFQ
259,-215.15842251088048,HPYPDGLHZZUZFKHXZDBDIQHKQPBNWSL
260,-215.15842251088048,SHJHXFWSTTPTMKSOTXYXGBSKBHYCVRW
261,-208.05796925088183,OQAQSHUOKKJKTIONKSRSPFOIFQRLBZU
262,-215.15842251088048,FEOEUQGFSSWSVCFLSUJUTDFCDEJXRZG
263,-215.15842251088048,CQMQDYHCOOUOFGCWODNDTZCGZQNVAKH
264,-215.15842251088048,LMGMNKVLUUCUQRLAUNWNXFLRFMWPYDV
265,-215.15842251088048,YXKXIGRYVVNVMFYCVIHIOLYFLXHPADR
266,-208.05796925088183,TNANPYRTVVCVGITWVPDPQOTIONDKSXR
267,-183.3123329305225,GKOKIJDGVVPVEXGSVIWITHGXHKWMFUD
268,-215.15842251088048,CJDJFXSCVVKVNACHVFTFOMCAMJTYLZS
269,-188.1736702327651,HERECFYHBBNBVWHTBCDCAZHWZEDKOMY
270,-215.15842251088048,AZTZWPLAJJNJKSARJWYWIQASQZYMBVL
271,-215.15842251088048,DFUFWOEDKKAKICDJKWNWLGDCGFNZSRE
272,-215.15842251088048,WIDIOQBWUUEUACWGUOMORPWCPIMXJVB
273,-208.05796925088183,GIAIYVSGZZFZWUGCZYOYJTGUTIONDLS
274,-215.15842251088048,MHGHCOPMUULUEXMWUCDCQTMXTHDZFNP
275,-208.2702992035826,QIAIJSYQFFEFBXQCFJGJPMQXMIGHTKY
276,-215.15842251088048,EMZMAWJESSOSFQEDSAUAIGEQGMULYHJ
277,-215.15842251088048,BVCVHKDBQQFQMSBYQHAHOGBSGVANTRD
278,-188.1736702327651,IWZWEKUIHHMHPCILHEREQOICOWRDGNU
279,-215.15842251088048,VBLBYSXVRRPRHGVTRYJYFKVGKBJNMCX
280,-151.11947865596866,JLDLEICJHHAHPKJTHEREFYJKYLRGVOC
281,-215.15842251088048,LUZUXGCLJJMJHALIJXRXNYLAYURDBFC
282,-215.15842251088048,CGUGXSRCNNYNTZCINXVXMECZEGVWQPR
283,-176.25814135372607,NTUTCLQNAAGAYWNVACHCSINWITHERKQ
284,-215.15842251088048,XWHWODUXAANAIBXGAOYOZKXBKWYJRQU
285,-183.31233293052253,IVDVFXEIHHZHCWITHFUFOJIWJVUBKNE
286,-215.15842251088048,AIGIJWOAYYSYMZAFYJKJRBAZBIKCXLO
287,-215.15842251088048,JSGSPCFJWWDWVAJKWPHPTNJANSHXOQF
288,-215.15842251088048,LZXZOQRLUUEUICLWUOJOVFLCFZJGBKR
289,-208.2702992035826,JRVRFSTJPPLPDBJQPFUFAXJBXRUIGHT
290,-215.15842251088048,ZTJTEOKZYYMYLBZWYEDERIZBITDQUVK
291,-188.1736702327651,HERESDLHJJPJKQHZJSVSWTHQTEVAMYL
292,-183.3123329305225,HALAWBYHVVNVQZHDVWUWITHZTAUGJXY
293,-215.15842251088048,FCJCUHXFYYTYOSFKYUPUMIFSICPBVAX
294,-151.11947865596866,IYOYEDBIHHKHQVITHEREXMIVMYRPUZB
295,-215.15842251088048,SYLYCFISOOUOKGSDOCWCVZSGZYWEBRI
296,-215.15842251088048,QGTGFHWQKKLKPCQJKFOFXMQCMGOSAYW
297,-215.15842251088048,MLDLERBMWWOWVCMQWEKEFTMCTLKAPZB
298,-188.1736702327651,BSKSEPGBHHXHYQBJHEREDMBQMSRIONG
299,-188.1736702327651,HEREBVDHUUCUGNHXUBIBSMHNMEIQOLD
300,-188.1736702327651,HEREDWAHQQJQCLHSQDVDUKHLKEVMNIA
301,-183.3123329305225,ZEQEVOHZJJNJCLZAJVMVPFZLFEMWITH
302,-188.1736702327651,HEREIZLHUUSUFJHNUIYIMDHJDEYPCOL
303,-188.1736702327651,HEREXADHBBIBWLHMBXQXSGHLGEQPZYD
304,-188.1736702327651,HEREAPKHIILIBQHCIAYADTHQTEYVFOK
305,-215.15842251088048,XQAQRTFXHHGHOLXBHRCRKDXLDQCNWSF
306,-119.27338907561068,ILZLEKPIHHXHAWITHERENYIWYLRUMQP
307,-215.15842251088048,VURUEPKVOOJOQFVSOEMEIBVFBUMYGLK
308,-208.05796925088183,TNGNPQCTXXZXVITAXPEPMOTIONEYJRC
309,-215.15842251088048,FCZCPIYFHHAHDUFBHPOPLKFUKCOGWQY
310,-215.15842251088048,UBFBHQNUJJMJLOUVJHPHCWUOWBPIAGN
311,-151.11947865596866,OZXZECYOHHAHQBOTHEREIFOBFZRPLNY
312,-188.1736702327651,HEREJDYHOOTOUBHAOJWJZIHBIEWLKQY
313,-215.15842251088048,LKMKEPYLWWOWQBLVWECEHGLBGKCUZAY
314,-208.05796925088183,FQSQYAVFRRJRKZFBRYTYEDFZDQTIONV
315,-183.3123329305225,QNLNZPFQYYXYKRQSYZWZOVQRVNWITHF
316,-119.27338907561068,ILPLEOMIHHNHFWITHERESCIWCLRDUQM
317,-151.11947865596866,LMDMEWJLHHFHAGLTHEREBCLGCMRPUXJ
318,-215.15842251088048,AJXJRDVAMMWMFKAZMRSRLGAKGJSHQUV
319,-208.2702992035826,TZKZIGHTDDYDAQTPDILIUFTQFZLMXCH
320,-183.3123329305225,YDUDILKYSSPSEGYXSIWITHYGHDWQCVK
321,-215.15842251088048,LGJGZCULQQKQFNLSQZIZAHLNHGIVYXU
322,-215.15842251088048,HKVKNWUHTTXTYZHRTNJNCBHZBKJPGQU
323,-215.15842251088048,QRURYTVQIISIWJQXIYEYPNQJNREDCKV
324,-188.1736702327651,HEREQSGHLLZLKMHVLQBQYFHMFEBWCUG
325,-215.15842251088048,AIWIYZVAPPOPGMAEPYUYQBAMBIURFDV
326,-215.15842251088048,SJEJBKFSYYAYRVSIYBWBTDSVDJWPXMF
327,-208.05796925088183,NMYMEVWNTTCTIONSTEUEADNODMURJXW
328,-215.15842251088048,FYPYRHMFJJZJSLFQJRTRUOFLOYTXCAM
329,-181.07321697276643,HEREOMZHIIAIVGHTIONOSCHGCENBLUZ
330,-183.3123329305225,OEAEIFMOZZUZDPOQZIWITHOPHEWKVSM
331,-215.15842251088048,JUZURLCJXXAXTVJHXRNRMDJVDUNPQBC
332,-188.1736702327651,HERESAPHQQLQFXHOQSZSYIHXIEZGCBP
333,-215.15842251088048,AMWMFETAUUSUJXAKUFNFVRAXRMNDBGT
334,-176.25814135372607,KWZWQNRKDDGDAUKYDQIQJPKUPWITHER
335,-215.15842251088048,DSASMUVDKKGKJPDQKMFMLCDPCSFERTV
336,-215.15842251088048,YFZFWHPYQQSQVCYKQWAWXJYCJFATURP
337,-215.15842251088048,PVDVAWUPXXRXYFPJXANAKHPFHVNTZSU
338,-151.11947865596866,YSQSEOAYHHKHLCYTHEREIJYCJSRPGVA
339,-215.15842251088048,WNFNLBMWQQZQOPWAQLELUGWPGNEDTCM
340,-158.05796925088183,NEXETJCNSSMSQUNGSTATIONUOEAVWPC
341,-208.05796925088183,NKRKUFYNTTVTIONLTUXUMJNOJKXDEPY
342,-183.3123329305225,HLVLWZDHSSMSUGHPSWQWITHGTLQYEND
343,-215.15842251088048,MYCYKBIMQQJQGUMTQKWKFLMULYWPVRI
344,-183.31233293052253,UDEDOQMUIIWITHUSIONOYVUHVDNBXKM
345,-215.15842251088048,UYGYHVXUKKWKMDUNKHRHPFUDFYROAJX
346,-208.2702992035826,JCSCVKFJMMOMQXJLMVIVZPJXPCIGHTF
347,-215.15842251088048,PJFJTDUPSSVSOLPNSTWTBYPLYJWAXHU
348,-215.15842251088048,CGPGKTNCRRVRSOCWRKXKFLCOLGXBUHN
349,-215.15842251088048,XODOAYEXBBQBFJXWBAZAMLXJLOZNSCE
350,-208.05796925088183,JHDHYFNJAAZASQJEAYVYUCJQCHVTION
351,-208.05796925088185,NSGSTIONYYDYJBNPYTATQLNBLSAUVWO
352,-176.25814135372607,JTBTZLMJXXSXGWJKXZHZQIJWITHERVM
353,-151.11947865596866,IKLKEYUIHHGHVZITHEREMPIZPKRFCNU
354,-215.15842251088048,RUPUCINRVVQVLDRTVCACSMRDMUAFZYN
355,-208.05796925088183,VDEDGZPVRRKRYXVMRGTGFBVXBDTIONP
356,-188.1736702327651,LQMQEAKLHHNHXCLBHERESZLCZQRDJFK
357,-215.15842251088048,VWBWRASVFFTFJOVEFRGRQKVOKWGCMLS
358,-188.1736702327651,NDUDEOXNHHLHQWNCHEREZJNWJDRKBYX
359,-188.1736702327651,HEREFVAHUULUOIHXUFSFMQHIQESYGWA
360,-215.15842251088048,LPUPKRJLBBWBHCLMBKVKXYLCYPVSNOJ
361,-215.15842251088048,JWUWHSEJGGAGKIJOGHMHZPJIPWMQBNE
362,-215.15842251088048,TFVFGDITKKUKXLTZKGNGEATLAFNWMYI
363,-215.15842251088048,FLOLTAXFZZHZVBFMZTQTGSFBSLQUDYX
364,-208.05796925088183,DGAGOJHDIIZIYFDTIONOLVDFVGNPUSH
365,-215.15842251088048,RBFBSOLRGGQGVYREGSUSIXRYXBUDKTL
366,-215.15842251088048,MUQUNPKMVVAVTWMDVNFNYZMWZUFJLHK
367,-208.05796925088183,OBUBDSEOJJKJTIONJDMDCPOIPBMYQVE
368,-215.15842251088048,OBUBQGEOKKJKZLOSKQAQIFOLFBAPVHE
369,-215.15842251088048,DGKGXSEDBBWBMTDHBXZXNCDTCGZLUFE
370,-215.15842251088048,DNYNKTVDRRLRFIDXRKMKQJDIJNMGSUV
371,-215.15842251088048,MZNZJPVMTTFTSQMGTJAJDOMQOZALHRV
372,-188.1736702327651,HEREAQUHPPTPFYHBPAJAGVHYVEJMNZU
373,-183.3123329305225,HJCJWVMHQQLQKSHYQWGWITHSTJGFBNM
374,-208.2702992035826,TYQYIGHTKKSKPNTMKIZIRXTNXYZCFLH
375,-151.11947865596866,LVSVEYFLHHCHOALTHEREMBLABVRDUZF
376,-158.05796925088185,STATIONSWWQWZLSDWIVIXRSLRTVUFMN
377,-215.15842251088048,GSDSXLJGBBABIOGHBXCXQVGOVSCPRWJ
378,-215.15842251088048,LZWZPGALFFDFKXLYFPTPVQLXQZTSBCA
379,-188.1736702327651,HEREBZYHLLDLVOHALBCBIUHOUECFQGY
380,-188.1736702327651,OSPSEXFOHHNHYWODHEREVUOWUSRMGZF
381,-188.1736702327651,SMXMELQSHHOHWASUHERENFSAFMRVCZQ
382,-215.15842251088048,HFBFRQUHSSJSOCHNSRKRPAHCAFKVMZU
383,-215.15842251088048,WTSTNFUWKKXKGRWOKNQNDAWRATQVCZU
384,-215.15842251088048,JHMHWCFJGGDGQNJXGWVWTSJNSHVUYZF
385,-215.15842251088048,TXNXVCSTOOWOMJTKOVQVABTJBXQHYUS
386,-215.15842251088048,XFOFWUVXRRARYLXGRWHWMCXLCFHIKBV
387,-215.15842251088048,VTKTWLXVFFCFSMVZFWJWANVMNTJRGHX
388,-208.05796925088183,TNLNJDXTBBRBKITFBJSJPOTIONSHVCX
389,-215.15842251088048,GBJBAXWGVVOVCUGFVAPARDGUDBPKIMW
390,-188.1736702327651,HEREYAWHVVKVLTHGVYQYFMHTMEQNBOW
391,-215.15842251088048,PTXTQUZPIIAIOMPVIQGQRDPMDTGCFYZ
392,-215.15842251088048,NQLQBCTNSSESOXNWSBZBMJNXJQZDRGT
393,-208.10423093408406,LEDEQWULXXPXGTLBXQRQSHLTHERJKCU
394,-215.15842251088048,SIGIXJFSCCYCVDSWCXOXMASDAIOKRLF
395,-215.15842251088048,EAMAVZKEDDXDHOEIDVCVQFEOFACGUBK
396,-183.31233293052253,IOXOJKBIHHZHQWITHJGJRUIWUOGLFCB
397,-215.15842251088048,OMAMCWDOGGUGNPOJGCLCQZOPZMLVHBD
398,-215.15842251088048,SOWOEDXSBBUBACSKBEIEFRSCROIPYJX
399,-215.15842251088048,BDADVPCBEELEQYBOEVGVUJBYJDGSINC
400,-183.3123329305225,NYKYAPGNLLELCSNZLAWAFJNSJYWITHG
401,-183.3123329305225,XQJQIUPXFFDFYMXKFIWITHXMHQWEABP
402,-208.05796925088183,TXYXNVMTOOWOAETIONJNDFTEFXJLUZM
403,-188.1736702327651,ADCDESLAHHOHBZAWHEREPXAZXDRUJGL
404,-183.3123329305225,WHFHZPEWDDXDBIWGDZLZQTWITHLJYME
405,-215.15842251088048,VRSRPMQVAAOAITVZAPBPXLVTLRBHJKQ
406,-176.25814135372607,LISIBDULPPMPXQLFPBTBGWLQWITHERU
407,-215.15842251088048,QDHDSCOQPPVPFXQMPSNSLGQXGDNUKIO
408,-208.2702992035826,HPBPXIGHTTMTZFHUTXOXVLHFLPOYQKG
409,-208.05796925088183,TNSNYDZTWWPWKITFWYVYAOTIONVRBQZ
410,-215.15842251088048,LVGVWYPLDDMDXULHDWFWNCLUCVFIKQP
411,-183.31233293052253,RWDWITHRGGJGPFRXGISIOCRFCWSAUNH
412,-151.11947865596866,ZWDWEUMZHHVHAXZTHERELCZXCWRQNKM
413,-183.3123329305225,CWZWBRLCSSQSNXCUSBIBOPCXPWITHJL
414,-215.15842251088048,RBZBSWQRVVUVLKRIVSXSCFRKFBXHJAQ
415,-215.15842251088048,PTXTFJUPKKWKCZPOKFDFIMPZMTDQLGU
416,-215.15842251088048,USGSZLCUOOYOAJUTOZMZQFUJFSMXEPC
417,-188.1736702327651,UXSXEMQUHHLHDBUJHEREWKUBKXRNZGQ
418,-215.15842251088048,KPLPDFQKJJHJOAKBJDCDTUKAUPCZVNQ
419,-183.31233293052253,ICVCADMIHHXHOWITHALASNIWNCLQEPM
420,-215.15842251088048,KXDXSAYKBBMBIEKGBSLSQOKEOXLPZNY
421,-188.1736702327651,HEREPLJHSSNSVKHCSPXPZOHKOEXWQGJ
422,-208.2702992035826,JGIGHTSJAAFANPJDAHVHZXJPXGVRMCS
423,-188.1736702327651,YFXFEGAYHHIHJKYSHEREDUYKUFRVPOA
424,-183.31233293052253,TCACMVUTNNPNWITHNMBMSLTILCBFRJU
425,-215.15842251088048,QEPEYWAQOONOFSQZOYXYGMQSMEXCJBA
426,-215.15842251088048,DYUYTXLDSSWSEMDFSTNTVPDMPYNJBQL
427,-215.15842251088048,FNTNOQUFRRCRGJFSROKODWFJWNKMVLU
428,-215.15842251088048,VIKIRZCVAAWAUMVQARSRLGVMGISJPHC
429,-215.15842251088048,NJHJMEONSSUSDCNTSMZMPVNCVJZLYFO
430,-215.15842251088048,APSPVYKAMMJMLOAUMVQVFIAOIPQRECK
431,-208.10423093408406,STJTBPASLLNLDXSZLBHBMFSXFTHERCA
432,-215.15842251088048,JSHSDWYJBBUBAFJNBDXDZMJFMSXQOEY
433,-119.27338907561068,ILJLEPAIHHKHBWITHEREVQIWQLROGYA
434,-156.3275806524071,HEREWITHZZUZOVHAZWGWQJHVJEGFBNT
435,-215.15842251088048,ZYDYAWUZJJFJNRZBJAVAOKZRKYVCQPU
436,-208.05796925088183,OLALCZGOEEUETIONECBCSYOIYLBFKHG
437,-215.15842251088048,TFGFURZTAAMADOTKAUBUNWTOWFBVQXZ
438,-183.3123329305225,SOAOIDCSVVRVLFSYVIWITHSFHOWGBQC
439,-215.15842251088048,OIZIWLFOYYSYEDOVYWCWTUODUICXJPF
440,-183.3123329305225,QWYWVXBQUUNUASQGUVIVRPQSPWITHOB
441,-215.15842251088048,BICIMXZBFFWFJUBTFMYMOKBUKIYESDZ
442,-215.15842251088048,LCWCRGJLYYZYBOLQYRARDVLOVCAMHNJ
443,-215.15842251088048,JBKBIYZJCCLCWXJNCIFIVQJXQBFSTPZ
444,-215.15842251088048,GFUFOINGJJDJZYGLJOQOBRGYRFQPWHN
445,-215.15842251088048,HWUWSVJHIIQICYHOISZSMFHYFWZALRJ
446,-208.10423093408406,NQMQHGZNXXOXCWNLXHTHERNWRQTVPUZ
447,-215.15842251088048,WZXZQJDWCCMCUEWGCQKQTSWESZKROYD
448,-215.15842251088048,FNKNBWJFUUXUVZFHUBPBSYFZYNPROMJ
449,-215.15842251088048,KIAIDCJKYYXYOLKTYDEDRBKLBIEPWQJ
450,-215.15842251088048,GXJXPQNGTTATBWGCTPYPVZGWZXYDEON
451,-183.31233293052253,BIWITHCBSSASVEBZSTQTLDBEDIQGYMC
452,-215.15842251088048,GCSCFRPGVVQVMAGZVFBFYEGAECBNTJP
453,-208.10423093408406,EYAYGIFESSJSXRENSGVGTHERHYVKZBF
454,-208.10423093408406,VAYAUJOVKKPKQFVZKUTUGBVFBATHERO
455,-119.27338907561068,IJVJECMIHHQHBWITHEREKPIWPJRSYNM
456,-208.10423093408406,OEIEUSVOJJZJDTOXJURUCHOTHERYKBV
457,-208.1042309340841,RCSCTHERPPQPFXRBPTVTYJRXJCVMILE
458,-183.31233293052253,HMOMWITHRRSRXKHGRWBWZLHKLMBYUCT
459,-215.15842251088048,XVEVUFQXWWKWHCXLWUPUSZXCZVPDMIQ
460,-183.3123329305225,KIUINACKSSFSVMKDSNTNLWKMWITHQEC
461,-215.15842251088048,PABAKGYPDDVDXZPEDKOKHJPZJAOLUMY
462,-215.15842251088048,VGZGFUMVIIXIWEVYIFCFRNVENGCPJSM
463,-215.15842251088048,OLRLCSQOXXZXDAONXCPCTVOAVLPJUWQ
464,-188.1736702327651,HEREMWNHCCTCSVHPCMGMYLHVLEGUAZN
465,-151.11947865596866,VABAEZGVHHCHSFVTHEREMLVFLARQOPG
466,-208.10423093408406,HQJQMVNHRRDROTHERMUMKFHTFQUXGYN
467,-215.15842251088048,TMDMUPCTXXOXYATQXUHUBSTASMHWRFC
468,-215.15842251088048,OEPEBQLOVVNVGSOUVBTBCZOSZETJDML
469,-188.1736702327651,CAYAEKBCHHOHILCXHEREQJCLJARGSMB
470,-215.15842251088048,YJHJKOTYVVLVUZYRVKMKDWYZWJMSCQT
471,-215.15842251088048,LYXYESCLIIAIOBLJIEFEMWLBWYFQTVC
472,-188.1736702327651,HEREXTVHLLMLYCHWLXFXAQHCQEFNSPV
473,-208.05796925088183,QDLDPMVQIITIONQEIPSPCAQNADSXGUV
474,-156.3275806524071,HEREWITHMMAMXOHQMWZWFCHOCEZKBJT
475,-188.1736702327651,DJQJEBLDHHXHSUDFHEREZCDUCJRGMWL
476,-215.15842251088048,PNMNXALPBBCBDWPVBXYXFEPWENYOQKL
477,-215.15842251088048,IKRKPJBILLNLCDIGLPOPWQIDQKOHASB
478,-183.3123329305225,ETMTJYPEUUCUQWESUJHJLIEWITHFBGP
479,-151.11947865596866,LSMSEYJLHHVHOULTHEREPZLUZSRWFGJ
480,-183.31233293052253,QKAKZBMQIIWITHQGIZEZNJQHJKEPFYM
481,-215.15842251088048,PAZAVMSPBBUBGIPDBVNVYKPIKANWLFS
482,-215.15842251088048,PASAYLRPQQEQVNPJQYOYIXPNXAOZWBR
483,-215.15842251088048,CFYFGDLCQQEQMKCNQGBGOHCKHFBSWPL
484,-215.15842251088048,LTJTUZVLYYSYBWLFYUOUNRLWRTOMDKV
485,-215.15842251088048,JBWBDNTJQQVQZYJEQDCDSOJYOBCGLUT
486,-215.15842251088048,ZUOUGQAZYYEYDLZIYGHGVXZLXUHJFBA
487,-215.15842251088048,JUEUKNDJGGFGOXJMGKHKALJXLUHQYCD
488,-215.15842251088048,YSRSHWFYKKJKNLYGKHZHUMYLMSZTQDF
489,-208.05796925088183,GEZELMVGIITIONGDILJLHBGNBEJYCXV
490,-215.15842251088048,LZCZJINLYYOYVULMYJFJXRLURZFPSGN
491,-215.15842251088048,LCXCJZWLOOROAULPOJFJQSLUSCFGDEW
492,-183.3123329305225,ZISIMAJZPPEPYFZOPMTMLWZFWITHGVJ
493,-215.15842251088048,KJMJZYVKAABAOPKEAZTZUQKPQJTDGWV
494,-208.05796925088183,POWOCEFPLLKLATPRLCNCJIPTIONBYQF
495,-208.05796925088183,TNQNPAUTGGMGKITHGPRPYOTIONRCSVU
496,-215.15842251088048,ASKSPTFAIIJILBAVIPMPWXABXSMYGOF
497,-208.10423093408406,QUSUOGFQDDLDJXQKDOTOICQXCUTHERF
498,-208.10423093408406,RIGITJLRVVAVPCRZVTQTHERCEIQYDXL
499,-215.15842251088048,BUCULGABIIWIQTBSILYLVXBTXUYNMZA
